label,wlasl_gloss,video_id,instance_id,signer_id,source,url,frame_start,frame_end,fps,bbox_x1,bbox_y1,bbox_x2,bbox_y2
HELLO,hello,27171,0,9,asl5200,https://www.youtube.com/watch?v=SiBub8VD5wo,1297,1343,25,0,0,360,240
HELLO,hello,70017,1,121,northtexas,https://www.youtube.com/watch?v=25ymRY7hbjs,4842,4923,25,127,40,405,360
HELLO,hello,68236,2,112,lillybauer,https://www.youtube.com/watch?v=3qKcPONtNXQ,1,36,25,302,15,915,720
HELLO,hello,27180,5,64,aslu,https://www.youtube.com/watch?v=DYjjcoTkNa0,1,-1,25,131,36,511,345
HELLO,hello,67755,6,109,asllex,https://youtu.be/oRsVMK7sxMQ,1,-1,25,75,18,371,360
HELLO,hello,27181,7,5,aslu,https://www.youtube.com/watch?v=FVjpLa8GqeM,1,-1,25,207,1,930,720
HELLO,hello,27182,8,51,nabboud,https://www.youtube.com/watch?v=WbkSmhKTltU,1,-1,25,276,66,899,720
HELLO,hello,27183,9,16,aslpro,http://www.aslpro.com/main/h/hello.swf,1,-1,25,22,7,220,240
HELLO,hello,27184,10,41,aslsearch,http://www.aslsearch.com/signs/videos/greet.mp4,1,-1,25,182,41,483,400
HELLO,hello,27172,11,46,signschool,https://signstock.blob.core.windows.net/signschool/videos/db_uploads/SignSchool%20Hello-6kvCOzxP9_A.mp4,1,-1,25,467,0,1583,1080
HELLO,hello,27173,12,21,asldeafined,https://media.asldeafined.com/vocabulary/1468580623.2588.mp4,1,-1,25,34,11,536,480
HELLO,hello,27175,13,14,handspeak,https://www.handspeak.com/word/h/hello.mp4,1,-1,25,30,0,277,240
HELLO,hello,27177,14,11,signingsavvy,https://www.signingsavvy.com/signs/mp4/6/6353.mp4,1,-1,25,38,0,217,192
BYE,bye,08510,0,59,asldeafined,https://media.asldeafined.com/vocabulary/1466725686.9085.mp4,1,-1,25,116,21,526,480
BYE,bye,08511,1,20,handspeak,https://www.handspeak.com/word/b/bye-wave.mp4,1,-1,25,66,0,546,480
BYE,bye,08512,2,10,signingsavvy,https://www.signingsavvy.com/signs/mp4/22/22741.mp4,1,-1,25,73,18,210,192
BYE,bye,08514,4,10,signingsavvy,https://www.signingsavvy.com/signs/mp4/22/22865.mp4,1,-1,25,75,20,211,192
BYE,bye,08515,5,10,signingsavvy,https://www.signingsavvy.com/signs/mp4/22/22866.mp4,1,-1,25,78,22,212,192
BYE,bye,08516,6,25,aslpro,http://www.aslpro.com/main/b/bye.swf,1,-1,25,0,12,245,240
BYE,bye,08517,7,41,aslsearch,http://www.aslsearch.com/signs/videos/bye.mp4,1,-1,25,231,39,486,400
BYE,goodbye,25041,0,9,asl5200,https://www.youtube.com/watch?v=YdHKN_wHZqo,1237,1283,25,0,0,360,240
BYE,goodbye,25044,1,3,signschool,https://signstock.blob.core.windows.net/signschool/videos/db_uploads/SignSchool%20GoodBye-73DrhTsZt7k.mp4,1,-1,25,660,20,1681,1079
BYE,goodbye,25052,3,10,signingsavvy,https://www.signingsavvy.com/signs/mp4/22/22866.mp4,1,-1,25,78,22,212,192
BYE,goodbye,25053,4,51,nabboud,https://www.youtube.com/watch?v=FdZx-kM6jhM,1,-1,25,335,65,883,720
BYE,goodbye,25054,5,51,nabboud,https://www.youtube.com/watch?v=wUIvZdlxMx0,1,-1,25,316,67,887,720
BYE,goodbye,25055,6,41,aslsearch,http://www.aslsearch.com/signs/videos/goodbye.mp4,1,-1,25,225,42,470,400
BYE,goodbye,25047,8,20,handspeak,https://www.handspeak.com/word/g/good-bye.mp4,1,-1,25,45,0,478,480
BYE,goodbye,25048,9,20,handspeak,https://www.handspeak.com/word/g/goodbye.mp4,1,-1,25,66,0,546,480
BYE,goodbye,25049,10,10,signingsavvy,https://www.signingsavvy.com/signs/mp4/22/22741.mp4,1,-1,25,73,18,210,192
BYE,goodbye,25051,12,10,signingsavvy,https://www.signingsavvy.com/signs/mp4/22/22865.mp4,1,-1,25,75,20,211,192
THANKYOU,thank you,57653,0,9,asl5200,https://www.youtube.com/watch?v=x6CehcknaH8,1425,1471,25,0,0,360,240
THANKYOU,thank you,69502,1,115,aslbrick,http://aslbricks.org/New/ASL-Videos/thank%20you.mp4,1,-1,25,378,42,896,720
THANKYOU,thank you,68796,2,115,lillybauer,https://www.youtube.com/watch?v=pj0YH_l8TNM,1,39,25,321,22,916,720
THANKYOU,thank you,57663,6,82,scott,https://www.youtube.com/watch?v=7XHOmZYiBew,1,-1,25,320,0,835,720
THANKYOU,thank you,57664,7,51,nabboud,https://www.youtube.com/watch?v=lJXvGI7r_Fc,1,-1,25,380,73,852,720
THANKYOU,thank you,66598,8,98,aslsignbank,https://aslsignbank.haskins.yale.edu/dictionary/protected_media/glossvideo/ASL/TH/THANK-YOU-1198.mp4,1,-1,25,180,31,459,370
THANKYOU,thank you,57655,9,46,signschool,https://signstock.blob.core.windows.net/signschool/videos/db_uploads/SignSchool%20ThankYou-OGQTouYS3zM.mp4,1,-1,25,697,39,1522,1067
THANKYOU,thank you,57665,10,51,nabboud,https://www.youtube.com/watch?v=sH87G_Bz_nA,1,-1,25,376,73,876,720
THANKYOU,thank you,57666,11,51,nabboud,https://www.youtube.com/watch?v=t8Hr0IHghrQ,1,-1,25,356,72,871,720
THANKYOU,thank you,57667,12,12,aslsearch,http://www.aslsearch.com/signs/videos/thank.mp4,1,-1,25,168,54,537,400
THANKYOU,thank you,57656,13,13,asldeafined,https://media.asldeafined.com/vocabulary/1468944231.2757.mp4,1,-1,25,144,0,521,480
THANKYOU,thank you,57657,14,15,asldeafined,https://media.asldeafined.com/vocabulary/1522767348.9440.mp4,1,-1,25,147,32,521,480
THANKYOU,thank you,57658,15,14,handspeak,https://www.handspeak.com/word/t/thank.mp4,1,-1,25,137,9,466,360
THANKYOU,thank you,57659,16,11,signingsavvy,https://www.signingsavvy.com/signs/mp4/14/14353.mp4,1,-1,25,85,11,223,192
PLEASE,please,43213,0,9,asl5200,https://www.youtube.com/watch?v=zHd4YEFzpwE,2950,3009,25,0,0,360,240
PLEASE,please,69434,1,115,aslbrick,http://aslbricks.org/New/ASL-Videos/please.mp4,1,-1,25,335,46,904,719
PLEASE,please,70220,2,121,northtexas,https://www.youtube.com/watch?v=hjS0dQDgbjo,3666,3698,25,100,25,278,240
PLEASE,please,68670,3,115,lillybauer,https://www.youtube.com/watch?v=LTVv46_N764,1,72,25,267,13,928,720
PLEASE,please,43225,4,30,aslpro,http://www.aslpro.com/main/p/please.swf,1,-1,25,0,8,234,240
PLEASE,please,43226,5,12,aslsearch,http://www.aslsearch.com/signs/videos/please.mp4,1,-1,25,171,50,547,400
PLEASE,please,43217,6,36,startasl,https://s3-us-west-1.amazonaws.com/files.startasl.com/asldictionary/please.mp4,1,-1,25,212,15,525,414
PLEASE,please,67083,7,109,asllex,https://youtu.be/RHeFBNVYii4,1,-1,25,91,15,371,360
PLEASE,please,43218,8,3,signschool,https://signstock.blob.core.windows.net/signschool/videos/db_uploads/SignSchool%20Please-eyu0V3s1-XA.mp4,1,-1,25,643,11,1710,1080
PLEASE,please,43219,9,13,asldeafined,https://media.asldeafined.com/vocabulary/1468754067.6864.mp4,1,-1,25,118,0,561,480
PLEASE,please,43220,10,15,asldeafined,https://media.asldeafined.com/vocabulary/1522767174.1064.mp4,1,-1,25,108,33,536,480
PLEASE,please,43221,11,14,handspeak,https://www.handspeak.com/word/p/please.mp4,1,-1,25,25,7,264,240
PLEASE,please,43222,12,11,signingsavvy,https://www.signingsavvy.com/signs/mp4/6/6966.mp4,1,-1,25,68,13,224,192
PLEASE,please,43223,13,51,nabboud,https://www.youtube.com/watch?v=QyqHzUY36cw,1,-1,25,308,71,861,720
PLEASE,please,43224,14,5,aslu,https://www.youtube.com/watch?v=rnb9FxPO7is,1,-1,25,284,26,942,720
SORRY,sorry,53363,0,9,asl5200,https://www.youtube.com/watch?v=XB3Q6IX6CBo,6805,6874,25,0,0,360,240
SORRY,sorry,70225,1,121,northtexas,https://www.youtube.com/watch?v=4Nh1iFv2BMc,694,786,25,157,40,400,360
SORRY,sorry,53371,2,11,signingsavvy,https://www.signingsavvy.com/signs/mp4/6/6968.mp4,1,-1,25,68,9,225,192
SORRY,sorry,53372,3,5,aslu,https://www.youtube.com/watch?v=jRHDjxWJma0,1,-1,25,337,29,922,720
SORRY,sorry,53373,4,5,aslu,https://www.youtube.com/watch?v=KuqlCVeWGEI,1,-1,25,316,27,918,720
SORRY,sorry,53374,5,24,aslpro,http://www.aslpro.com/main/s/sorry.swf,1,-1,25,0,12,192,240
SORRY,sorry,66536,6,90,aslsignbank,https://aslsignbank.haskins.yale.edu/dictionary/protected_media/glossvideo/ASL/SO/SORRY-566.mp4,1,-1,25,173,15,453,370
SORRY,sorry,53365,7,2,spreadthesign,https://media.spreadthesign.com/video/mp4/13/94029.mp4,1,-1,25,71,34,236,240
SORRY,sorry,67228,8,109,asllex,https://youtu.be/BL90-ejIQ9Y,1,-1,25,95,28,380,360
SORRY,sorry,53375,9,12,aslsearch,http://www.aslsearch.com/signs/videos/sorry.mp4,1,-1,25,199,53,547,400
SORRY,sorry,53366,10,38,startasl,https://s3-us-west-1.amazonaws.com/files.startasl.com/asldictionary/sorry.mp4,1,-1,25,369,48,802,720
SORRY,sorry,53367,11,13,asldeafined,https://media.asldeafined.com/vocabulary/1468776763.7085.mp4,1,-1,25,98,0,535,480
SORRY,sorry,53368,12,20,handspeak,https://www.handspeak.com/word/s/sorry.mp4,1,-1,25,22,8,268,240
SORRY,sorry,53370,14,11,signingsavvy,https://www.signingsavvy.com/signs/mp4/6/6967.mp4,1,-1,25,67,11,224,192
YES,yes,64275,0,9,asl5200,https://www.youtube.com/watch?v=BRO-oYGV224,105,174,25,0,0,360,240
YES,yes,69546,1,118,aslbrick,http://aslbricks.org/New/ASL-Videos/yes.mp4,1,-1,25,214,41,881,720
YES,yes,64287,2,13,asldeafined,https://media.asldeafined.com/vocabulary/1468774983.6377.mp4,1,-1,25,120,4,526,480
YES,yes,68192,3,109,valencia-asl,https://www.youtube.com/watch?v=-on_5PoBEak,1,-1,25,104,0,1150,720
YES,yes,64290,4,14,handspeak,https://www.handspeak.com/word/y/yes.mp4,1,-1,25,107,14,561,480
YES,yes,64284,5,3,signschool,https://signstock.blob.core.windows.net/signschool/videos/db_uploads/SignSchool%20Yes-Kg0VRsnehgQ.mp4,1,-1,25,724,29,1675,1080
YES,yes,64291,6,10,signingsavvy,https://www.signingsavvy.com/signs/mp4/23/23544.mp4,1,-1,25,81,25,212,192
YES,yes,64292,8,10,signingsavvy,https://www.signingsavvy.com/signs/mp4/23/23545.mp4,1,-1,25,79,23,212,192
YES,yes,64293,9,10,signingsavvy,https://www.signingsavvy.com/signs/mp4/23/23546.mp4,1,-1,25,70,20,212,192
YES,yes,64294,10,5,aslu,https://www.youtube.com/watch?v=0usayvOXzHo,1,-1,25,316,50,892,720
YES,yes,64295,11,5,aslu,https://www.youtube.com/watch?v=3J2KaRL9i_Q,1,-1,25,245,63,893,720
YES,yes,64296,12,47,scott,https://www.youtube.com/watch?v=gpNDuOwyW7Q,1,-1,25,311,17,905,720
YES,yes,66820,13,88,aslsignbank,https://aslsignbank.haskins.yale.edu/dictionary/protected_media/glossvideo/ASL/YE/YES-1472.mp4,1,-1,25,168,14,461,370
YES,yes,64297,14,5,aslu,https://www.youtube.com/watch?v=JLNxO35tB-U,1,-1,25,155,14,481,360
YES,yes,64280,15,28,spreadthesign,https://media.spreadthesign.com/video/mp4/13/485639.mp4,1,-1,25,20,13,258,240
YES,yes,64298,16,51,nabboud,https://www.youtube.com/watch?v=wc2A8AZepy4,1,-1,25,309,64,891,720
YES,yes,64299,17,30,aslpro,http://www.aslpro.com/main/y/yes.swf,1,-1,25,2,15,220,240
YES,yes,64300,18,41,aslsearch,http://www.aslsearch.com/signs/videos/yes.mp4,1,-1,25,235,44,478,400
YES,yes,64281,19,36,startasl,https://s3-us-west-1.amazonaws.com/files.startasl.com/asldictionary/yes.mp4,1,-1,25,222,13,524,414
YES,yes,64288,20,15,asldeafined,https://media.asldeafined.com/vocabulary/1522767427.6654.mp4,1,-1,25,143,25,514,480
YES,yes,64289,22,14,handspeak,https://www.handspeak.com/word/y/yes-fs.mp4,1,-1,25,106,14,568,480
YES,yes,64283,23,4,signschool,https://signstock.blob.core.windows.net/signschool/videos/db_uploads/SignSchool%20Yes-IIWhF2S6saQ.mp4,1,-1,25,625,111,1483,1063
NO,no,38482,0,9,asl5200,https://www.youtube.com/watch?v=1_jXxjd0lKE,1318,1397,25,0,0,360,240
NO,no,69411,1,118,aslbrick,http://aslbricks.org/New/ASL-Videos/no.mp4,1,-1,25,274,43,875,720
NO,no,68110,2,109,valencia-asl,https://www.youtube.com/watch?v=BqmquW0f1ok,1,-1,25,113,0,1151,720
NO,no,68406,3,112,lillybauer,https://www.youtube.com/watch?v=Dd95RFhtSs4,1,54,25,346,31,916,720
NO,no,38539,4,47,scott,https://www.youtube.com/watch?v=nyUDOPmQlZQ,1,-1,25,384,33,929,720
NO,no,38540,5,5,aslu,https://www.youtube.com/watch?v=pkzfT9cYvH0,1,-1,25,343,23,999,720
NO,no,38541,6,5,aslu,https://www.youtube.com/watch?v=QJXKaOSyl4o,1,-1,25,262,14,958,720
NO,no,38542,7,25,aslpro,http://www.aslpro.com/main/n/no.swf,1,-1,25,0,4,240,240
NO,no,38525,9,36,startasl,https://s3-us-west-1.amazonaws.com/files.startasl.com/asldictionary/no.mp4,1,-1,25,223,12,525,414
NO,no,38544,10,41,aslsearch,http://www.aslsearch.com/signs/videos/no.mp4,1,-1,25,258,38,509,400
NO,no,38527,12,3,signschool,https://signstock.blob.core.windows.net/signschool/videos/db_uploads/SignSchool%20No-hwa_U71nr74.mp4,1,-1,25,777,24,1651,1080
NO,no,38529,15,13,asldeafined,https://media.asldeafined.com/vocabulary/1468719269.5533.mp4,1,-1,25,88,0,502,480
NO,no,38530,16,15,asldeafined,https://media.asldeafined.com/vocabulary/1522767129.7038.mp4,1,-1,25,138,36,517,480
NO,no,38531,17,20,handspeak,https://www.handspeak.com/word/n/no.mp4,1,-1,25,121,0,545,480
NO,no,38532,18,10,signingsavvy,https://www.signingsavvy.com/signs/mp4/23/23547.mp4,1,-1,25,74,22,205,192
NO,no,38533,19,10,signingsavvy,https://www.signingsavvy.com/signs/mp4/23/23949.mp4,1,-1,25,83,17,215,192
NO,no,66183,20,102,aslsignbank,https://aslsignbank.haskins.yale.edu/dictionary/protected_media/glossvideo/ASL/NO/NO-512.mp4,1,-1,25,143,0,480,370
NO,no,38524,21,56,spreadthesign,https://media.spreadthesign.com/video/mp4/13/48823.mp4,1,-1,25,54,0,261,240
NO,no,67934,22,109,asllex,https://youtu.be/jGsh6zd3eUQ,1,-1,25,93,26,377,360
NO,no,38534,23,11,signingsavvy,https://www.signingsavvy.com/signs/mp4/6/6400.mp4,1,-1,25,77,17,218,192
NO,no,38536,25,51,nabboud,https://www.youtube.com/watch?v=lgNwgl10VSg,1,-1,25,335,65,882,720
NO,no,38538,27,5,aslu,https://www.youtube.com/watch?v=mskmnqYYsGw,1,-1,25,320,52,918,720
HELP,help,27194,0,9,asl5200,https://www.youtube.com/watch?v=SiBub8VD5wo,1387,1433,25,0,0,360,240
HELP,help,69364,1,115,aslbrick,http://aslbricks.org/New/ASL-Videos/help.mp4,1,-1,25,605,64,1417,1080
HELP,help,27219,2,65,nabboud,https://www.youtube.com/watch?v=RStYX5OXPjE,1,-1,25,380,43,875,720
HELP,help,27220,3,30,aslpro,http://www.aslpro.com/main/h/help.swf,1,-1,25,0,12,224,240
HELP,help,27221,4,12,aslsearch,http://www.aslsearch.com/signs/videos/help.mp4,1,-1,25,198,56,563,400
HELP,help,27206,5,36,startasl,https://s3-us-west-1.amazonaws.com/files.startasl.com/asldictionary/help.mp4,1,-1,25,211,16,525,414
HELP,help,27207,6,4,signschool,https://signstock.blob.core.windows.net/signschool/videos/db_uploads/SignSchool%20Stamp%2C%20Help-2bSAr25HPXY.mp4,1,-1,25,665,54,1608,1080
HELP,help,27208,7,21,asldeafined,https://media.asldeafined.com/vocabulary/1468580671.3652.mp4,1,-1,25,80,14,536,480
HELP,help,27209,8,17,asldeafined,https://media.asldeafined.com/vocabulary/1471136062.8464.mp4,1,-1,25,66,20,607,480
HELP,help,27210,9,14,handspeak,https://www.handspeak.com/word/h/help2.mp4,1,-1,25,63,17,284,240
HELP,help,27211,10,20,handspeak,https://www.handspeak.com/word/h/help-me.mp4,1,-1,25,55,0,298,240
HELP,help,27212,11,20,handspeak,https://www.handspeak.com/word/h/help.mp4,2,-1,25,171,0,515,360
HELP,help,65890,12,90,aslsignbank,https://aslsignbank.haskins.yale.edu/dictionary/protected_media/glossvideo/ASL/HE/HELP-2562.mp4,1,-1,25,182,14,465,370
HELP,help,27213,13,10,signingsavvy,https://www.signingsavvy.com/signs/mp4/23/23431.mp4,1,-1,25,92,24,202,192
HELP,help,27214,14,11,signingsavvy,https://www.signingsavvy.com/signs/mp4/5/5871.mp4,1,-1,25,77,3,220,192
HELP,help,65891,15,90,aslsignbank,https://aslsignbank.haskins.yale.edu/dictionary/protected_media/glossvideo/ASL/HE/HELP-2563.mp4,1,-1,25,188,14,463,370
HELP,help,65889,16,90,aslsignbank,https://aslsignbank.haskins.yale.edu/dictionary/protected_media/glossvideo/ASL/HE/HELP-483.mp4,1,-1,25,188,15,469,370
HELP,help,67757,18,109,asllex,https://youtu.be/OWXmFhatan8,1,-1,25,93,18,364,360
HELP,help,27215,19,11,signingsavvy,https://www.signingsavvy.com/signs/mp4/6/6389.mp4,1,-1,25,72,14,217,192
HELP,help,27216,20,11,signingsavvy,https://www.signingsavvy.com/signs/mp4/9/9918.mp4,1,-1,25,67,5,217,192
HELP,help,27217,21,11,signingsavvy,https://www.signingsavvy.com/signs/mp4/9/9936.mp4,1,-1,25,61,12,213,192
HELP,help,27218,22,65,nabboud,https://www.youtube.com/watch?v=l31UXgChCS4,1,-1,25,387,40,901,720
STOP,stop,54915,0,9,asl5200,https://www.youtube.com/watch?v=XB3Q6IX6CBo,9004,9043,25,0,0,360,240
STOP,stop,54925,1,13,asldeafined,https://media.asldeafined.com/vocabulary/1468896525.8184.mp4,1,-1,25,162,0,575,480
STOP,stop,54922,2,63,spreadthesign,https://media.spreadthesign.com/video/mp4/13/50826.mp4,1,-1,25,64,0,263,240
STOP,stop,67249,3,109,asllex,https://youtu.be/bBtf2nxKnys,1,-1,25,90,17,376,360
STOP,stop,54923,4,4,signschool,https://signstock.blob.core.windows.net/signschool/videos/db_uploads/SignSchool%20Stop-NOpmdQCK_Hs.mp4,1,-1,25,552,56,1712,1080
STOP,stop,54926,5,14,handspeak,https://www.handspeak.com/word/s/stop.mp4,1,-1,25,100,0,514,480
STOP,stop,54928,7,11,signingsavvy,https://www.signingsavvy.com/signs/mp4/7/7258.mp4,1,-1,25,79,16,214,192
STOP,stop,54929,8,5,aslu,https://www.youtube.com/watch?v=A84uvLUmCVU,1,-1,25,317,33,957,720
STOP,stop,54930,9,69,nabboud,https://www.youtube.com/watch?v=l6G0rN4CJRg,1,-1,25,386,56,851,720
STOP,stop,54931,10,84,aslpro,http://www.aslpro.com/main/s/stop.swf,1,-1,25,18,1,219,240
STOP,stop,54932,11,12,aslsearch,http://www.aslsearch.com/signs/videos/stop.mp4,1,-1,25,194,53,574,400
WAIT,wait,62077,0,9,asl5200,https://www.youtube.com/watch?v=A5dihMAjeTE,24,86,25,0,0,360,240
WAIT,wait,62113,1,12,aslsearch,http://www.aslsearch.com/signs/videos/stall.mp4,1,-1,25,202,52,558,400
WAIT,wait,62098,2,38,startasl,https://s3-us-west-1.amazonaws.com/files.startasl.com/asldictionary/wait.mp4,1,-1,25,420,50,823,720
WAIT,wait,62100,4,60,signschool,https://signstock.blob.core.windows.net/signschool/videos/db_uploads/SignSchool%20wait-g4zPWVKTVc4.mp4,1,-1,25,330,19,761,480
WAIT,wait,62101,5,32,signschool,https://signstock.blob.core.windows.net/signschool/videos/db_uploads/SignSchool%20Wait-hooZv2wCujw.mp4,1,-1,25,690,68,1621,1080
WAIT,wait,62102,6,6,signschool,https://signstock.blob.core.windows.net/signschool/videos/db_uploads/SignSchool%20Wait-mo6REHINcoE.mp4,1,-1,25,553,73,1410,1080
WAIT,wait,62103,7,13,asldeafined,https://media.asldeafined.com/vocabulary/1468926839.9265.mp4,1,-1,25,149,0,551,480
WAIT,wait,62104,8,14,handspeak,https://www.handspeak.com/word/w/wait-long.mp4,1,-1,25,63,21,237,240
WAIT,wait,62105,9,20,handspeak,https://www.handspeak.com/word/w/wait.mp4,1,-1,25,80,15,247,240
WAIT,wait,62106,10,11,signingsavvy,https://www.signingsavvy.com/signs/mp4/7/7259.mp4,1,-1,25,83,18,210,192
WAIT,wait,66740,11,107,aslsignbank,https://aslsignbank.haskins.yale.edu/dictionary/protected_media/glossvideo/ASL/WA/WAIT-1405.mp4,1,-1,25,194,30,517,370
WAIT,wait,62097,12,56,spreadthesign,https://media.spreadthesign.com/video/mp4/13/50933.mp4,1,-1,25,49,0,279,240
WAIT,wait,67034,13,109,asllex,https://youtu.be/QlMV4KuPClU,1,-1,25,102,10,386,360
WAIT,wait,62107,14,11,signingsavvy,https://www.signingsavvy.com/signs/mp4/9/9671.mp4,1,-1,25,61,9,208,192
WAIT,wait,62109,16,5,aslu,https://www.youtube.com/watch?v=D-zw_kLwYzI,1,-1,25,157,13,509,360
WAIT,wait,62110,17,80,nabboud,https://www.youtube.com/watch?v=mhJvv6lTQ90,1,-1,25,379,53,962,720
WAIT,wait,62111,18,5,aslu,https://www.youtube.com/watch?v=YfwgS9ZsBVw,1,-1,25,337,4,1152,720
WAIT,wait,62112,19,87,aslpro,http://www.aslpro.com/main/w/wait.swf,1,-1,25,20,6,231,240
MORE,more,36826,0,9,asl5200,https://www.youtube.com/watch?v=IxO7unGawfk,2040,2086,25,0,0,360,240
MORE,more,69401,1,115,aslbrick,http://aslbricks.org/New/ASL-Videos/more.mp4,1,-1,25,381,52,901,720
MORE,more,70222,2,121,northtexas,https://www.youtube.com/watch?v=hjS0dQDgbjo,3948,4036,25,118,25,276,240
MORE,more,36830,3,13,asldeafined,https://media.asldeafined.com/vocabulary/1468716587.784.mp4,1,-1,25,151,0,537,480
MORE,more,36832,4,14,handspeak,https://www.handspeak.com/word/m/more.mp4,1,-1,25,56,1,272,240
MORE,more,36834,5,11,signingsavvy,https://www.signingsavvy.com/signs/mp4/5/5684.mp4,1,-1,25,71,5,216,192
MORE,more,67906,7,109,asllex,https://youtu.be/eKLTlUZlE9w,1,-1,25,100,13,388,360
MORE,more,36836,8,11,signingsavvy,https://www.signingsavvy.com/signs/mp4/8/8051.mp4,1,-1,25,62,10,236,192
MORE,more,36837,9,64,aslu,https://www.youtube.com/watch?v=tPDGvZK_o_c,1,-1,25,140,40,401,341
MORE,more,36838,10,5,aslu,https://www.youtube.com/watch?v=tPDGvZK_o_c,1,-1,25,246,0,986,720
MORE,more,36839,11,87,aslpro,http://www.aslpro.com/main/m/more.swf,1,-1,25,28,6,229,240
MORE,more,36840,12,12,aslsearch,http://www.aslsearch.com/signs/videos/more.mp4,1,-1,25,186,49,540,400
MORE,more,36827,13,2,spreadthesign,https://media.spreadthesign.com/video/mp4/13/93968.mp4,1,-1,25,96,29,253,240
MORE,more,36828,14,36,startasl,https://s3-us-west-1.amazonaws.com/files.startasl.com/asldictionary/more.mp4,1,-1,25,205,18,548,414
MORE,more,36829,15,52,signschool,https://signstock.blob.core.windows.net/signschool/videos/db_uploads/SignSchool%20More-J-00GUpKfFg.mp4,1,-1,25,358,14,814,480
WATER,water,62479,0,9,asl5200,https://www.youtube.com/watch?v=A5dihMAjeTE,711,763,25,0,0,360,240
WATER,water,68179,1,109,valencia-asl,https://www.youtube.com/watch?v=HHX-yrm-DMk,1,-1,25,106,0,1153,720
WATER,water,70069,2,121,northtexas,https://www.youtube.com/watch?v=jDCw7stJaM4,2913,3016,25,156,26,459,480
WATER,water,68722,3,113,lillybauer,https://www.youtube.com/watch?v=n1LXJrNY5Cs,74,126,25,114,17,548,360
WATER,water,62504,4,20,handspeak,https://www.handspeak.com/word/w/water.mp4,1,-1,25,127,0,508,480
WATER,water,62505,5,10,signingsavvy,https://www.signingsavvy.com/signs/mp4/22/22969.mp4,1,-1,25,89,21,207,192
WATER,water,62506,6,10,signingsavvy,https://www.signingsavvy.com/signs/mp4/22/22970.mp4,1,-1,25,89,22,204,192
WATER,water,62507,7,5,aslu,https://www.youtube.com/watch?v=QDlDLqvdApI,1,-1,25,172,7,490,360
WATER,water,62508,8,5,aslu,https://www.youtube.com/watch?v=-SdOfxGhb0A,1,-1,25,401,40,946,720
WATER,water,66752,9,100,aslsignbank,https://aslsignbank.haskins.yale.edu/dictionary/protected_media/glossvideo/ASL/WA/WATER-1414.mp4,1,-1,25,203,25,474,370
WATER,water,62499,10,19,elementalasl,https://elementalaslconcepts.weebly.com/uploads/2/4/4/5/24454483/water.mov,1,-1,25,88,8,220,180
WATER,water,67044,11,109,asllex,https://youtu.be/BWUyTapkOvM,1,-1,25,131,16,379,360
WATER,water,62509,12,72,aslpro,http://www.aslpro.com/main/w/water.swf,1,-1,25,27,6,227,240
WATER,water,62510,13,12,aslsearch,http://www.aslsearch.com/signs/videos/water.mp4,1,-1,25,201,52,553,400
WATER,water,62500,14,28,spreadthesign,https://media.spreadthesign.com/video/mp4/13/486561.mp4,1,-1,25,53,0,270,240
WATER,water,62501,15,36,startasl,https://s3-us-west-1.amazonaws.com/files.startasl.com/asldictionary/water.mp4,1,-1,25,239,16,525,414
WATER,water,62502,16,52,signschool,https://signstock.blob.core.windows.net/signschool/videos/db_uploads/SignSchool%20Water-4xQijOap0PY.mp4,1,-1,25,365,18,801,480
WATER,water,62503,17,13,asldeafined,https://media.asldeafined.com/vocabulary/1468927236.4055.mp4,1,-1,25,133,0,514,480
BATHROOM,bathroom,05296,0,9,asl5200,https://www.youtube.com/watch?v=pDqITge_TGs,1142,1208,25,0,0,360,240
BATHROOM,bathroom,05299,1,52,signschool,https://signstock.blob.core.windows.net/signschool/videos/db_uploads/SignSchool%20Bathroom-u7XrB6j-o3E.mp4,1,-1,25,373,20,800,480
BATHROOM,bathroom,05300,2,13,asldeafined,https://media.asldeafined.com/vocabulary/1466649768.1620.mp4,1,-1,25,125,23,527,480
BATHROOM,bathroom,05301,3,20,handspeak,https://www.handspeak.com/word/b/bathroom2.mp4,1,-1,25,119,3,491,360
BATHROOM,bathroom,05302,4,14,handspeak,https://www.handspeak.com/word/b/bathroom.mp4,1,-1,25,42,4,529,360
BATHROOM,bathroom,05303,5,10,signingsavvy,https://www.signingsavvy.com/signs/mp4/23/23911.mp4,1,-1,25,85,17,203,192
BATHROOM,bathroom,05304,6,5,aslu,https://www.youtube.com/watch?v=2xdhyJEgXdI,1,-1,25,310,28,925,720
BATHROOM,bathroom,05305,7,5,aslu,https://www.youtube.com/watch?v=GSRwDBAFh70,1,-1,25,315,48,899,720
BATHROOM,bathroom,65148,8,88,aslsignbank,https://aslsignbank.haskins.yale.edu/dictionary/protected_media/glossvideo/ASL/BA/BATHROOM-32.mp4,1,-1,25,179,7,473,370
BATHROOM,bathroom,67394,9,109,asllex,https://youtu.be/cI3AyC9DfWQ,1,-1,25,100,20,383,360
BATHROOM,bathroom,05307,11,64,aslu,https://www.youtube.com/watch?v=tk5XZhfgfcc,1,-1,25,141,38,397,344
BATHROOM,bathroom,05308,12,44,aslpro,http://www.aslpro.com/main/b/bathroom_portable.swf,1,-1,25,16,3,260,240
BATHROOM,bathroom,05309,13,16,aslpro,http://www.aslpro.com/main/b/bathroom.swf,1,-1,25,36,22,209,240
BATHROOM,bathroom,05310,14,12,aslsearch,http://www.aslsearch.com/signs/videos/bathroom.mp4,1,-1,25,157,51,544,400
BATHROOM,bathroom,05297,15,2,spreadthesign,https://media.spreadthesign.com/video/mp4/13/92604.mp4,1,-1,25,52,14,239,240
BATHROOM,bathroom,05298,16,36,startasl,https://s3-us-west-1.amazonaws.com/files.startasl.com/asldictionary/bathroom.mp4,1,-1,25,165,16,525,414
BATHROOM,toilet,58731,0,9,asl5200,https://www.youtube.com/watch?v=x6CehcknaH8,3412,3451,25,0,0,360,240
BATHROOM,toilet,58738,1,65,nabboud,https://www.youtube.com/watch?v=C6C0n0yL0lE,1,-1,25,295,90,866,720
BATHROOM,toilet,58739,2,65,nabboud,https://www.youtube.com/watch?v=M3sXN-k8axs,1,-1,25,294,87,846,720
BATHROOM,toilet,58740,3,5,aslu,https://www.youtube.com/watch?v=Y5IEyhkM67Y,1,-1,25,259,28,923,720
BATHROOM,toilet,67313,4,109,asllex,https://youtu.be/LNt9e8b4Uwg,1,-1,25,91,8,407,360
BATHROOM,toilet,58741,5,30,aslpro,http://www.aslpro.com/main/t/toilet.swf,1,-1,25,9,15,228,240
BATHROOM,toilet,58742,6,12,aslsearch,http://www.aslsearch.com/signs/videos/bathroom.mp4,1,-1,25,157,51,544,400
BATHROOM,toilet,58732,7,38,startasl,https://s3-us-west-1.amazonaws.com/files.startasl.com/asldictionary/toilet.mp4,1,-1,25,438,59,825,720
BATHROOM,toilet,58733,8,52,signschool,https://signstock.blob.core.windows.net/signschool/videos/db_uploads/SignSchool%20Bathroom-u7XrB6j-o3E.mp4,1,-1,25,373,20,800,480
BATHROOM,toilet,58734,9,13,asldeafined,https://media.asldeafined.com/vocabulary/1468945815.7148.mp4,1,-1,25,126,0,528,480
BATHROOM,toilet,58735,10,20,handspeak,https://www.handspeak.com/word/t/toilet.mp4,1,-1,25,40,0,290,240
BATHROOM,toilet,58736,11,10,signingsavvy,https://www.signingsavvy.com/signs/mp4/23/23911.mp4,1,-1,25,85,17,203,192
BATHROOM,toilet,58737,12,5,aslu,https://www.youtube.com/watch?v=AB9URT5zPe8,1,-1,25,300,31,921,720
BATHROOM,restroom,47721,0,9,asl5200,https://www.youtube.com/watch?v=Qc7Dc_qF5NI,2825,2874,25,0,0,360,240
BATHROOM,restroom,47722,1,13,asldeafined,https://media.asldeafined.com/vocabulary/1466649768.1620.mp4,1,-1,25,125,23,527,480
BATHROOM,restroom,47723,2,14,handspeak,https://www.handspeak.com/word/r/restroom-toilet.mp4,1,-1,25,40,0,290,240
BATHROOM,restroom,47724,3,10,signingsavvy,https://www.signingsavvy.com/signs/mp4/23/23911.mp4,1,-1,25,85,17,203,192
BATHROOM,restroom,47725,4,5,aslu,https://www.youtube.com/watch?v=_dvihXsQz2E,1,-1,25,337,37,923,717
BATHROOM,restroom,47726,5,87,aslpro,http://www.aslpro.com/main/r/restroom.swf,1,-1,25,12,6,225,240
BATHROOM,restroom,47727,6,12,aslsearch,http://www.aslsearch.com/signs/videos/bathroom.mp4,1,-1,25,157,51,544,400
EAT,eat,18316,0,9,asl5200,https://www.youtube.com/watch?v=2oaCeSdHG-A,672,728,25,0,0,360,240
EAT,eat,69307,1,118,aslbrick,http://aslbricks.org/New/ASL-Videos/eat.mp4,1,-1,25,389,39,872,720
EAT,eat,68520,2,113,lillybauer,https://www.youtube.com/watch?v=HAqSIA2GG3g,1,65,25,104,18,543,358
EAT,eat,68044,3,109,valencia-asl,https://www.youtube.com/watch?v=lsjFBdE3X7M,1,-1,25,124,0,1147,720
EAT,eat,69086,4,115,lillybauer,https://www.youtube.com/watch?v=zOzgRJ3bAdI,1,59,25,316,24,921,720
EAT,eat,18326,5,20,handspeak,https://www.handspeak.com/word/e/eat-iclpop.mp4,1,-1,25,113,0,474,360
EAT,eat,18328,7,20,handspeak,https://www.handspeak.com/word/e/eat.mp4,1,-1,25,82,0,590,480
EAT,eat,18329,8,11,signingsavvy,https://www.signingsavvy.com/signs/mp4/14/14883.mp4,1,-1,25,82,4,212,192
EAT,eat,18331,10,64,aslu,https://www.youtube.com/watch?v=9AYysHe14jg,1,-1,25,149,41,406,341
EAT,eat,18332,11,5,aslu,https://www.youtube.com/watch?v=OmylSinUxns,1,-1,25,307,31,945,720
EAT,eat,65601,12,90,aslsignbank,https://aslsignbank.haskins.yale.edu/dictionary/protected_media/glossvideo/ASL/EA/EAT-399.mp4,1,-1,25,200,10,486,370
EAT,eat,18323,13,0,spreadthesign,https://media.spreadthesign.com/video/mp4/13/74980.mp4,1,-1,25,78,14,258,240
EAT,eat,67610,14,109,asllex,https://youtu.be/FSxHpeiCuBc,1,-1,25,102,12,372,360
EAT,eat,67611,15,109,asllex,https://youtu.be/QkTP_AyKk_k,1,-1,25,103,14,373,360
EAT,eat,18333,16,80,nabboud,https://www.youtube.com/watch?v=rbnYbQyFvK4,1,-1,25,317,119,844,720
EAT,eat,18334,17,16,aslpro,http://www.aslpro.com/main/e/eat.swf,1,-1,25,25,9,226,240
EAT,eat,18335,18,12,aslsearch,http://www.aslsearch.com/signs/videos/eat.mp4,1,-1,25,193,55,546,400
EAT,eat,18324,19,36,startasl,https://s3-us-west-1.amazonaws.com/files.startasl.com/asldictionary/eat.mp4,1,-1,25,239,16,527,414
EAT,eat,18325,20,21,asldeafined,https://media.asldeafined.com/vocabulary/1468347821.5825.mp4,1,-1,25,106,13,550,480
DRINK,drink,69302,0,115,aslbrick,http://aslbricks.org/New/ASL-Videos/drink.mp4,1,-1,25,551,68,1350,1080
DRINK,drink,65539,1,94,aslsignbank,https://aslsignbank.haskins.yale.edu/dictionary/protected_media/glossvideo/ASL/DR/DRINK-119.mp4,1,-1,25,153,11,488,370
DRINK,drink,70173,2,121,northtexas,https://www.youtube.com/watch?v=F5Wef1_PtLk,5710,5831,25,142,20,501,480
DRINK,drink,68538,3,113,lillybauer,https://www.youtube.com/watch?v=HZMTQJdBZ9g,1,71,25,112,13,529,356
DRINK,drink,68042,4,109,valencia-asl,https://www.youtube.com/watch?v=KRc_WYI1DgA,1,-1,25,110,0,1160,720
DRINK,drink,68660,5,115,lillybauer,https://www.youtube.com/watch?v=Lk2Vws8homw,1,54,25,312,19,908,720
DRINK,drink,68041,6,109,valencia-asl,https://www.youtube.com/watch?v=Nc7rSopCpI8,1,-1,25,116,0,1166,720
DRINK,drink,17725,7,5,aslu,https://www.youtube.com/watch?v=537MWOtCl78,1,-1,25,300,63,882,720
DRINK,drink,17726,8,5,aslu,https://www.youtube.com/watch?v=6gU3Ln98sWA,1,-1,25,318,29,951,720
DRINK,drink,17727,9,65,nabboud,https://www.youtube.com/watch?v=Ddd2ZZNFhVI,1,-1,25,232,55,838,720
DRINK,drink,17728,10,5,aslu,https://www.youtube.com/watch?v=g3rl9_LYqzI,1,-1,25,337,0,994,720
DRINK,drink,17710,11,36,startasl,https://s3-us-west-1.amazonaws.com/files.startasl.com/asldictionary/drink.mp4,1,-1,25,196,15,521,414
DRINK,drink,17729,12,5,aslu,https://www.youtube.com/watch?v=i0opsQ2zB1Q,1,-1,25,350,0,999,720
DRINK,drink,17730,13,5,aslu,https://www.youtube.com/watch?v=k6cNmM9WgUs,1,-1,25,334,0,997,720
DRINK,drink,17731,14,5,aslu,https://www.youtube.com/watch?v=LqJM7wcUixQ,1,-1,25,348,43,933,720
DRINK,drink,17732,15,44,aslpro,http://www.aslpro.com/main/d/drink.swf,1,-1,25,0,4,206,240
DRINK,drink,17733,16,12,aslsearch,http://www.aslsearch.com/signs/videos/drink-alcohol.mp4,1,-1,25,186,63,551,400
DRINK,drink,65540,17,94,aslsignbank,https://aslsignbank.haskins.yale.edu/dictionary/protected_media/glossvideo/ASL/DR/DRINK-120.mp4,1,-1,25,167,19,480,370
DRINK,drink,17734,18,12,aslsearch,http://www.aslsearch.com/signs/videos/drink.mp4,1,-1,25,183,55,552,400
DRINK,drink,17711,19,52,signschool,https://signstock.blob.core.windows.net/signschool/videos/db_uploads/SignSchool%20Drink%20(correct)-0UzEF7ru0sQ.mp4,1,-1,25,289,9,783,480
DRINK,drink,17712,20,6,signschool,https://signstock.blob.core.windows.net/signschool/videos/db_uploads/SignSchool%20Drink-L6hHRIQzWBo.mp4,1,-1,25,673,90,1571,1072
DRINK,drink,17713,21,21,asldeafined,https://media.asldeafined.com/vocabulary/1467773819.9825.mp4,1,-1,25,28,0,542,480
DRINK,drink,17714,22,20,handspeak,https://www.handspeak.com/word/d/drink2.mp4,1,-1,25,53,9,579,480
DRINK,drink,17715,23,14,handspeak,https://www.handspeak.com/word/d/drink-alcohol.mp4,1,-1,25,57,0,586,480
DRINK,drink,17716,24,20,handspeak,https://www.handspeak.com/word/d/drink-british.mp4,1,-1,25,113,0,493,360
DRINK,drink,17717,25,14,handspeak,https://www.handspeak.com/word/d/drink.mp4,1,-1,25,112,0,509,360
DRINK,drink,17718,26,20,handspeak,https://www.handspeak.com/word/d/drink-mug.mp4,1,-1,25,84,0,506,360
DRINK,drink,17709,27,2,spreadthesign,https://media.spreadthesign.com/video/mp4/13/153289.mp4,1,-1,25,41,9,257,240
DRINK,drink,67594,28,109,asllex,https://youtu.be/yawcLQIhQiE,1,-1,25,98,13,372,360
DRINK,drink,17719,29,14,handspeak,https://www.handspeak.com/word/d/drink-plu.mp4,1,-1,25,124,0,542,360
DRINK,drink,17720,30,11,signingsavvy,https://www.signingsavvy.com/signs/mp4/14/14885.mp4,1,-1,25,49,3,220,192
DRINK,drink,17721,31,10,signingsavvy,https://www.signingsavvy.com/signs/mp4/23/23388.mp4,1,-1,25,66,19,209,192
DRINK,drink,17722,32,10,signingsavvy,https://www.signingsavvy.com/signs/mp4/23/23388.mp4,1,-1,25,66,19,209,192
DRINK,drink,17723,33,10,signingsavvy,https://www.signingsavvy.com/signs/mp4/23/23389.mp4,1,-1,25,65,20,208,192
DRINK,drink,17724,34,11,signingsavvy,https://www.signingsavvy.com/signs/mp4/7/7796.mp4,1,-1,25,68,18,220,192
HUNGRY,hungry,28375,0,9,asl5200,https://www.youtube.com/watch?v=SiBub8VD5wo,2559,2618,25,0,0,360,240
HUNGRY,hungry,28383,1,69,nabboud,https://www.youtube.com/watch?v=a90eIyt5eJs,1,-1,25,381,55,837,720
HUNGRY,hungry,28384,2,16,aslpro,http://www.aslpro.com/main/h/hungry.swf,1,-1,25,23,19,213,240
HUNGRY,hungry,67779,3,109,asllex,https://youtu.be/H-hjnF_GtuU,1,-1,25,97,24,382,360
HUNGRY,hungry,28385,4,12,aslsearch,http://www.aslsearch.com/signs/videos/hunger.mp4,1,-1,25,187,52,534,400
HUNGRY,hungry,28376,5,0,spreadthesign,https://media.spreadthesign.com/video/mp4/13/58529.mp4,1,-1,25,50,7,245,240
HUNGRY,hungry,28377,6,38,startasl,https://s3-us-west-1.amazonaws.com/files.startasl.com/asldictionary/hungry.mp4,1,-1,25,434,69,875,720
HUNGRY,hungry,28378,7,52,signschool,https://signstock.blob.core.windows.net/signschool/videos/db_uploads/SignSchool%20Hungry-FkoOUSVF-9g.mp4,1,-1,25,256,8,583,360
HUNGRY,hungry,28379,8,21,asldeafined,https://media.asldeafined.com/vocabulary/1468639252.5637.mp4,1,-1,25,82,11,536,480
HUNGRY,hungry,28380,9,20,handspeak,https://www.handspeak.com/word/h/hungry.mp4,1,-1,25,112,0,562,480
HUNGRY,hungry,28381,10,11,signingsavvy,https://www.signingsavvy.com/signs/mp4/7/7294.mp4,1,-1,25,68,15,220,192
HUNGRY,hungry,28382,11,5,aslu,https://www.youtube.com/watch?v=8ZOUoDZkAoQ,1,-1,25,399,35,986,720
HURT,hurt,28438,0,9,asl5200,https://www.youtube.com/watch?v=SiBub8VD5wo,2716,2752,25,0,0,360,240
HURT,hurt,70147,1,121,northtexas,https://www.youtube.com/watch?v=VwejDy96MzM,6429,6562,25,122,21,508,480
HURT,hurt,28441,2,60,signschool,https://signstock.blob.core.windows.net/signschool/videos/db_uploads/SignSchool%20Hurt-_st2tPdAvgQ.mp4,1,-1,25,352,22,779,480
HURT,hurt,28443,4,20,handspeak,https://www.handspeak.com/word/h/hurt2.mp4,1,-1,25,80,0,589,480
HURT,hurt,28444,5,20,handspeak,https://www.handspeak.com/word/h/hurt.mp4,1,-1,25,79,0,589,480
HURT,hurt,28445,6,10,signingsavvy,https://www.signingsavvy.com/signs/mp4/23/23773.mp4,1,-1,25,58,14,228,192
HURT,hurt,28446,7,10,signingsavvy,https://www.signingsavvy.com/signs/mp4/23/23774.mp4,1,-1,25,75,15,221,192
HURT,hurt,28450,11,69,nabboud,https://www.youtube.com/watch?v=Ekcn4CILyfo,1,-1,25,316,55,898,720
HURT,hurt,28452,13,5,aslu,https://www.youtube.com/watch?v=xs4k_Qf3BSc,1,-1,25,282,59,936,720
HURT,hurt,28453,14,25,aslpro,http://www.aslpro.com/main/h/hurt.swf,1,-1,25,0,9,258,240
HURT,hurt,28454,15,12,aslsearch,http://www.aslsearch.com/signs/videos/sore.mp4,1,-1,25,201,53,552,400
HURT,hurt,28440,17,36,startasl,https://s3-us-west-1.amazonaws.com/files.startasl.com/asldictionary/hurt.mp4,1,-1,25,182,18,552,414
PAIN,pain,40797,0,9,asl5200,https://www.youtube.com/watch?v=zHd4YEFzpwE,24,100,25,0,0,360,240
PAIN,pain,40810,1,12,aslsearch,http://www.aslsearch.com/signs/videos/sore.mp4,1,-1,25,201,53,552,400
PAIN,pain,40802,2,0,spreadthesign,https://media.spreadthesign.com/video/mp4/13/63555.mp4,1,-1,25,10,8,285,240
PAIN,pain,67956,3,109,asllex,https://youtu.be/PUeBxtWPPFw,1,-1,25,79,29,404,360
PAIN,pain,40803,4,13,asldeafined,https://media.asldeafined.com/vocabulary/1468723103.4644.mp4,1,-1,25,139,0,552,480
PAIN,pain,40804,5,14,handspeak,https://www.handspeak.com/word/p/pain.mp4,1,-1,25,107,8,527,480
PAIN,pain,40806,7,10,signingsavvy,https://www.signingsavvy.com/signs/mp4/23/23773.mp4,1,-1,25,58,14,228,192
PAIN,pain,40807,8,10,signingsavvy,https://www.signingsavvy.com/signs/mp4/23/23774.mp4,1,-1,25,75,15,221,192
PAIN,pain,40808,9,5,aslu,https://www.youtube.com/watch?v=c-oLk9yPARI,1,-1,25,310,0,1067,720
PAIN,pain,40809,10,44,aslpro,http://www.aslpro.com/main/p/pain.swf,1,-1,25,0,7,250,240
SICK,sick,51494,0,9,asl5200,https://www.youtube.com/watch?v=XB3Q6IX6CBo,3891,3950,25,0,0,360,240
SICK,sick,69470,1,118,aslbrick,http://aslbricks.org/New/ASL-Videos/sick.mp4,1,-1,25,250,30,912,720
SICK,sick,68152,2,109,valencia-asl,https://www.youtube.com/watch?v=bS9icDOS5g4,1,-1,25,256,9,1120,720
SICK,sick,68776,3,115,lillybauer,https://www.youtube.com/watch?v=OvCEWXAQXaY,1,65,25,102,0,564,360
SICK,sick,51516,4,44,aslpro,http://www.aslpro.com/main/s/sick.swf,1,-1,25,0,1,225,240
SICK,sick,51517,5,12,aslsearch,http://www.aslsearch.com/signs/videos/ill.mp4,1,-1,25,170,58,552,400
SICK,sick,51502,6,38,startasl,https://s3-us-west-1.amazonaws.com/files.startasl.com/asldictionary/sick.mp4,1,-1,25,375,52,829,720
SICK,sick,51503,7,60,signschool,https://signstock.blob.core.windows.net/signschool/videos/db_uploads/SignSchool%20Sick-vS3cW9IUUPM.mp4,1,-1,25,321,24,791,480
SICK,sick,51504,8,13,asldeafined,https://media.asldeafined.com/vocabulary/1468766858.7018.mp4,1,-1,25,77,0,604,480
SICK,sick,51505,9,14,handspeak,https://www.handspeak.com/word/s/sick2.mp4,1,-1,25,68,11,276,240
SICK,sick,51506,10,14,handspeak,https://www.handspeak.com/word/s/sick.mp4,1,-1,25,35,9,281,240
SICK,sick,51507,11,11,signingsavvy,https://www.signingsavvy.com/signs/mp4/14/14644.mp4,1,-1,25,50,0,234,192
SICK,sick,66475,16,103,aslsignbank,https://aslsignbank.haskins.yale.edu/dictionary/protected_media/glossvideo/ASL/SI/SICK-255.mp4,1,-1,25,155,21,499,370
SICK,sick,51501,17,63,spreadthesign,https://media.spreadthesign.com/video/mp4/13/50808.mp4,1,-1,25,40,0,283,240
SICK,sick,67201,18,109,asllex,https://youtu.be/BuJZZAGk6GM,1,-1,25,91,7,393,360
SICK,sick,51514,22,5,aslu,https://www.youtube.com/watch?v=NBqpHJiufXU,1,-1,25,258,20,979,720
SICK,sick,51515,23,5,aslu,https://www.youtube.com/watch?v=oiJ9bPUD1pw,1,-1,25,251,6,1008,720
NAME,name,37575,0,9,asl5200,https://www.youtube.com/watch?v=1_jXxjd0lKE,24,66,25,0,0,360,240
NAME,name,69405,1,118,aslbrick,http://aslbricks.org/New/ASL-Videos/name.mp4,1,-1,25,331,37,917,720
NAME,name,68480,2,115,lillybauer,https://www.youtube.com/watch?v=GDAvnSKfZoU,1,32,25,370,19,903,720
NAME,name,68106,3,111,valencia-asl,https://www.youtube.com/watch?v=_ObcZbitfJg,1,-1,25,158,0,667,480
NAME,name,37587,4,5,aslu,https://www.youtube.com/watch?v=GbeC9TFuSX4,1,-1,25,173,14,497,360
NAME,name,37588,5,5,aslu,https://www.youtube.com/watch?v=nMFZhDcynoY,1,-1,25,351,49,963,720
NAME,name,37589,6,87,aslpro,http://www.aslpro.com/main/n/name.swf,1,-1,25,16,5,224,240
NAME,name,37580,7,56,spreadthesign,https://media.spreadthesign.com/video/mp4/13/48612.mp4,1,-1,25,23,0,272,240
NAME,name,67922,8,109,asllex,https://youtu.be/yFYsa9KPUXc,1,-1,25,89,20,368,360
NAME,name,37590,9,12,aslsearch,http://www.aslsearch.com/signs/videos/name.mp4,1,-1,25,213,53,573,400
NAME,name,37581,10,32,signschool,https://signstock.blob.core.windows.net/signschool/videos/db_uploads/SignSchool%20Name-DikA_15hmng.mp4,1,-1,25,610,67,1575,1080
NAME,name,37582,11,13,asldeafined,https://media.asldeafined.com/vocabulary/1468717645.5170.mp4,1,-1,25,154,0,534,480
NAME,name,37583,12,20,handspeak,https://www.handspeak.com/word/n/name.mp4,1,-1,25,66,0,563,480
NAME,name,37584,13,20,handspeak,https://www.handspeak.com/word/n/name-verb.mp4,1,-1,25,122,0,535,480
NAME,name,37585,14,11,signingsavvy,https://www.signingsavvy.com/signs/mp4/7/7751.mp4,1,-1,25,81,15,229,192
NAME,name,37586,15,47,scott,https://www.youtube.com/watch?v=7ZeN8irshAc,1,-1,25,328,24,898,720
WHERE,where,63079,0,9,asl5200,https://www.youtube.com/watch?v=A5dihMAjeTE,1881,1940,25,0,0,360,240
WHERE,where,68181,1,110,valencia-asl,https://www.youtube.com/watch?v=1IJ6oVm6x-w,1,-1,25,231,4,626,480
WHERE,where,68998,2,115,lillybauer,https://www.youtube.com/watch?v=WlHOl9zIUpE,1,52,25,346,28,918,720
WHERE,where,63087,3,11,signingsavvy,https://www.signingsavvy.com/signs/mp4/14/14587.mp4,1,-1,25,82,8,220,192
WHERE,where,63088,4,64,aslu,https://www.youtube.com/watch?v=p476xgjJAZE,1,-1,25,131,35,419,351
WHERE,where,63089,5,5,aslu,https://www.youtube.com/watch?v=p476xgjJAZE,1,-1,25,333,39,937,720
WHERE,where,63090,6,87,aslpro,http://www.aslpro.com/main/w/where.swf,1,-1,25,15,9,218,240
WHERE,where,66774,7,88,aslsignbank,https://aslsignbank.haskins.yale.edu/dictionary/protected_media/glossvideo/ASL/WH/WHERE-1427.mp4,1,-1,25,161,6,478,370
WHERE,where,63081,8,42,spreadthesign,https://media.spreadthesign.com/video/mp4/13/51067.mp4,1,-1,25,23,0,295,240
WHERE,where,67061,9,109,asllex,https://youtu.be/Mrb2M9RV_KM,1,-1,25,94,14,370,360
WHERE,where,63091,10,12,aslsearch,http://www.aslsearch.com/signs/videos/where.mp4,1,-1,25,207,53,573,400
WHERE,where,63082,11,36,startasl,https://s3-us-west-1.amazonaws.com/files.startasl.com/asldictionary/where.mp4,1,-1,25,239,13,529,414
WHERE,where,63083,12,70,signschool,https://signstock.blob.core.windows.net/signschool/videos/db_uploads/SignSchool%20where-LSM0sp4VCz4.mp4,1,-1,25,351,13,799,479
WHERE,where,63084,13,13,asldeafined,https://media.asldeafined.com/vocabulary/1468928023.2600.mp4,1,-1,25,92,7,514,480
WHERE,where,63085,14,14,handspeak,https://www.handspeak.com/word/w/where2.mp4,1,-1,25,180,0,498,360
WHAT,what,62944,0,9,asl5200,https://www.youtube.com/watch?v=A5dihMAjeTE,1748,1780,25,0,0,360,240
WHAT,what,69531,1,118,aslbrick,http://aslbricks.org/New/ASL-Videos/what.mp4,1,-1,25,155,34,1067,720
WHAT,what,68330,3,115,lillybauer,https://www.youtube.com/watch?v=AK26EQRsH7k,1,55,25,342,10,960,720
WHAT,what,62967,5,39,signschool,https://signstock.blob.core.windows.net/signschool/videos/db_uploads/SignSchool%20What%202-xFO06HB3kFs.mp4,1,-1,25,766,98,1727,1080
WHAT,what,62968,7,32,signschool,https://signstock.blob.core.windows.net/signschool/videos/db_uploads/SignSchool%20What-tzER8F2xbB0.mp4,1,-1,25,333,61,1614,1080
WHAT,what,62982,8,80,nabboud,https://www.youtube.com/watch?v=M1gXuGSWqVI,1,-1,25,311,119,890,720
WHAT,what,62970,11,13,asldeafined,https://media.asldeafined.com/vocabulary/1468927879.8532.mp4,1,-1,25,78,9,560,480
WHAT,what,62984,12,5,aslu,https://www.youtube.com/watch?v=sSdQWC7mUZc,1,-1,25,228,11,953,720
WHAT,what,62971,13,14,handspeak,https://www.handspeak.com/word/w/what2.mp4,1,-1,25,181,0,501,360
WHAT,what,66769,14,88,aslsignbank,https://aslsignbank.haskins.yale.edu/dictionary/protected_media/glossvideo/ASL/WH/WHAT-1425.mp4,1,-1,25,173,7,480,370
WHAT,what,67057,15,109,asllex,https://youtu.be/sbODkAcZ5Mw,1,-1,25,43,19,399,360
WHAT,what,62986,18,30,aslpro,http://www.aslpro.com/main/w/what.swf,1,-1,25,4,15,236,240
WHAT,what,62973,19,14,handspeak,https://www.handspeak.com/word/w/what.mp4,1,-1,25,166,0,520,360
WHAT,what,62987,20,12,aslsearch,http://www.aslsearch.com/signs/videos/what2.mp4,1,-1,25,159,58,577,400
WHAT,what,62964,21,42,spreadthesign,https://media.spreadthesign.com/video/mp4/13/51095.mp4,1,-1,25,50,0,280,240
WHAT,what,67058,22,109,asllex,https://youtu.be/XO9Lq5Gyuaw,1,-1,25,50,20,430,360
WHAT,what,62988,24,12,aslsearch,http://www.aslsearch.com/signs/videos/what.mp4,1,-1,25,185,61,560,400
WHAT,what,62975,25,10,signingsavvy,https://www.signingsavvy.com/signs/mp4/23/23463.mp4,1,-1,25,52,24,246,192
WHAT,what,62965,27,36,startasl,https://s3-us-west-1.amazonaws.com/files.startasl.com/asldictionary/what.mp4,1,-1,25,179,13,606,414
WHAT,what,62979,28,11,signingsavvy,https://www.signingsavvy.com/signs/mp4/5/5985.mp4,1,-1,25,77,2,231,192
WHAT,what,62966,29,4,signschool,https://signstock.blob.core.windows.net/signschool/videos/db_uploads/SignSchool%20What-0SsXCKwjrpA.mp4,1,-1,25,509,75,1631,1080
WHO,who,63219,0,9,asl5200,https://www.youtube.com/watch?v=A5dihMAjeTE,2159,2235,25,0,0,360,240
WHO,who,69534,1,118,aslbrick,http://aslbricks.org/New/ASL-Videos/who.mp4,1,-1,25,381,45,868,720
WHO,who,68890,2,115,lillybauer,https://www.youtube.com/watch?v=SQUHKsHMUiw,1,54,25,343,21,928,720
WHO,who,68183,3,111,valencia-asl,https://www.youtube.com/watch?v=Xx8ZjswBRLY,1,-1,25,196,11,606,480
WHO,who,63239,4,5,aslu,https://www.youtube.com/watch?v=pBnGrdxhxHQ,1,-1,25,356,43,951,720
WHO,who,63240,5,5,aslu,https://www.youtube.com/watch?v=_V31e361KV8,1,-1,25,333,18,917,720
WHO,who,63241,6,87,aslpro,http://www.aslpro.com/main/w/who.swf,1,-1,25,25,8,223,240
WHO,who,63242,7,12,aslsearch,http://www.aslsearch.com/signs/videos/who.mp4,1,-1,25,188,55,546,400
WHO,who,63226,8,36,startasl,https://s3-us-west-1.amazonaws.com/files.startasl.com/asldictionary/who.mp4,1,-1,25,235,15,526,414
WHO,who,63227,9,6,signschool,https://signstock.blob.core.windows.net/signschool/videos/db_uploads/SignSchool%20Who%202-P20hHY3qUEQ.mp4,1,-1,25,687,96,1421,1080
WHO,who,63228,10,6,signschool,https://signstock.blob.core.windows.net/signschool/videos/db_uploads/SignSchool%20Who-rehp_kwiS-I.mp4,1,-1,25,693,88,1401,1080
WHO,who,63229,11,4,signschool,https://signstock.blob.core.windows.net/signschool/videos/db_uploads/SignSchool%20Who-wmIY6Yo-vp8.mp4,1,-1,25,655,72,1505,1071
WHO,who,63230,12,46,signschool,https://signstock.blob.core.windows.net/signschool/videos/db_uploads/SignSchool%20Who-xchfz0eTaP8.mp4,1,-1,25,342,20,1162,1080
WHO,who,63231,13,13,asldeafined,https://media.asldeafined.com/vocabulary/1468928348.68.mp4,1,-1,25,128,8,517,480
WHO,who,66778,14,88,aslsignbank,https://aslsignbank.haskins.yale.edu/dictionary/protected_media/glossvideo/ASL/WH/WHO-1430.mp4,1,-1,25,165,4,472,370
WHO,who,63232,15,59,asldeafined,https://media.asldeafined.com/vocabulary/1539176590.1089.mp4,1,-1,25,112,28,507,480
WHO,who,63233,16,14,handspeak,https://www.handspeak.com/word/w/who.mp4,1,-1,25,121,12,533,480
WHO,who,63234,17,20,handspeak,https://www.handspeak.com/word/w/who-old.mp4,1,-1,25,173,0,516,360
WHO,who,66779,18,88,aslsignbank,https://aslsignbank.haskins.yale.edu/dictionary/protected_media/glossvideo/ASL/WH/WHO-2236.mp4,1,-1,25,167,3,471,370
WHO,who,66780,19,93,aslsignbank,https://aslsignbank.haskins.yale.edu/dictionary/protected_media/glossvideo/WH/WHO-2283.mp4,1,-1,25,195,32,472,370
WHO,who,63225,20,42,spreadthesign,https://media.spreadthesign.com/video/mp4/13/51811.mp4,1,-1,25,35,0,293,240
WHO,who,67066,21,109,asllex,https://youtu.be/gDkZ2Zn3Sjg,1,-1,25,115,29,371,360
WHO,who,63236,23,11,signingsavvy,https://www.signingsavvy.com/signs/mp4/9/9019.mp4,1,-1,25,81,19,207,192
WHO,who,63237,24,11,signingsavvy,https://www.signingsavvy.com/signs/mp4/9/9020.mp4,1,-1,25,82,17,212,192
WHO,who,63238,25,80,nabboud,https://www.youtube.com/watch?v=dnDu1DxXWo4,1,-1,25,373,118,828,720
HOW,how,28187,0,9,asl5200,https://www.youtube.com/watch?v=SiBub8VD5wo,2382,2418,25,0,0,360,240
HOW,how,69370,1,115,aslbrick,http://aslbricks.org/New/ASL-Videos/how.mp4,1,-1,25,378,49,894,720
HOW,how,70295,2,121,northtexas,https://www.youtube.com/watch?v=CSj7IScvZnE,4221,4314,25,146,42,397,360
HOW,how,68954,3,115,lillybauer,https://www.youtube.com/watch?v=uVXtydfzLIo,1,64,25,320,12,924,720
HOW,how,28205,4,21,asldeafined,https://media.asldeafined.com/vocabulary/1468638815.8605.mp4,1,-1,25,76,13,544,480
HOW,how,28206,5,55,handspeak,https://www.handspeak.com/word/h/how-1913.mp4,1,-1,25,100,30,371,382
HOW,how,28207,6,20,handspeak,https://www.handspeak.com/word/h/how2.mp4,1,-1,25,114,0,552,480
HOW,how,28208,7,20,handspeak,https://www.handspeak.com/word/h/how.mp4,1,-1,25,109,0,549,478
HOW,how,28210,9,11,signingsavvy,https://www.signingsavvy.com/signs/mp4/5/5874.mp4,1,-1,25,74,4,218,192
HOW,how,28201,10,8,spreadthesign,https://media.spreadthesign.com/video/mp4/13/456602.mp4,1,-1,25,51,0,255,240
HOW,how,67776,11,109,asllex,https://youtu.be/X9k65VXITzY,1,-1,25,89,17,376,360
HOW,how,28211,12,11,signingsavvy,https://www.signingsavvy.com/signs/mp4/5/5875.mp4,1,-1,25,77,5,217,192
HOW,how,28212,13,5,aslu,https://www.youtube.com/watch?v=awmySeWaTkk,1,-1,25,250,0,951,720
HOW,how,28213,14,30,aslpro,http://www.aslpro.com/main/h/how.swf,1,-1,25,0,6,229,240
HOW,how,28214,15,12,aslsearch,http://www.aslsearch.com/signs/videos/how.mp4,1,-1,25,176,54,560,400
HOW,how,28202,16,36,startasl,https://s3-us-west-1.amazonaws.com/files.startasl.com/asldictionary/how2.mp4,1,-1,25,223,16,527,414
HOW,how,28203,17,36,startasl,https://s3-us-west-1.amazonaws.com/files.startasl.com/asldictionary/how.mp4,1,-1,25,195,15,548,414
HOW,how,28204,18,46,signschool,https://signstock.blob.core.windows.net/signschool/videos/db_uploads/SignSchool%20How-4-FrL86gJFo.mp4,1,-1,25,634,35,1554,1080
WHY,why,63279,0,9,asl5200,https://www.youtube.com/watch?v=A5dihMAjeTE,2236,2308,25,0,0,360,240
WHY,why,70213,2,121,northtexas,https://www.youtube.com/watch?v=hjS0dQDgbjo,2440,2526,25,98,25,275,240
WHY,why,63283,3,46,signschool,https://signstock.blob.core.windows.net/signschool/videos/db_uploads/SignSchool%20Why-1I7SY-H47dU.mp4,1,-1,25,272,12,1167,1080
WHY,why,63284,4,4,signschool,https://signstock.blob.core.windows.net/signschool/videos/db_uploads/SignSchool%20Why-oOzdNq6PhDc.mp4,1,-1,25,506,80,1544,1080
WHY,why,63285,5,13,asldeafined,https://media.asldeafined.com/vocabulary/1468928387.7740.mp4,1,-1,25,101,2,514,480
WHY,why,63286,6,14,handspeak,https://www.handspeak.com/word/w/why.mp4,1,-1,25,54,0,568,480
WHY,why,63287,7,11,signingsavvy,https://www.signingsavvy.com/signs/mp4/6/6973.mp4,1,-1,25,63,14,223,192
WHY,why,63288,8,11,signingsavvy,https://www.signingsavvy.com/signs/mp4/8/8837.mp4,1,-1,25,48,5,213,192
WHY,why,66781,9,88,aslsignbank,https://aslsignbank.haskins.yale.edu/dictionary/protected_media/glossvideo/ASL/WH/WHY-1431.mp4,1,-1,25,169,6,479,370
WHY,why,67067,10,109,asllex,https://youtu.be/Bp4hwb11MXo,1,-1,25,94,21,369,360
WHY,why,63289,11,11,signingsavvy,https://www.signingsavvy.com/signs/mp4/8/8838.mp4,1,-1,25,63,12,209,192
WHY,why,63290,12,80,nabboud,https://www.youtube.com/watch?v=-iJt0VZWBcA,1,-1,25,325,122,837,720
WHY,why,63291,13,87,aslpro,http://www.aslpro.com/main/w/why.swf,1,-1,25,25,7,227,240
WHY,why,63292,14,12,aslsearch,http://www.aslsearch.com/signs/videos/why.mp4,1,-1,25,178,58,544,400
WHY,why,63280,15,42,spreadthesign,https://media.spreadthesign.com/video/mp4/13/51068.mp4,1,-1,25,18,0,293,240
WHY,why,63281,16,36,startasl,https://s3-us-west-1.amazonaws.com/files.startasl.com/asldictionary/why.mp4,1,-1,25,224,12,528,414
WHY,why,63282,17,45,signschool,https://signstock.blob.core.windows.net/signschool/videos/db_uploads/SignSchool%20No%20Eye%2C%20Why-YoWvmEgpP9A.mp4,1,-1,25,721,93,1375,1080
UNDERSTAND,understand,60543,0,9,asl5200,https://www.youtube.com/watch?v=aCRQIlk5kh0,257,299,25,0,0,360,240
UNDERSTAND,understand,60553,1,5,aslu,https://www.youtube.com/watch?v=5N10dIavSYc,1,-1,25,313,38,925,720
UNDERSTAND,understand,70215,2,121,northtexas,https://www.youtube.com/watch?v=hjS0dQDgbjo,2846,2924,25,104,27,277,240
UNDERSTAND,understand,60551,3,10,signingsavvy,https://www.signingsavvy.com/signs/mp4/23/23293.mp4,1,-1,25,83,10,225,192
UNDERSTAND,understand,66704,4,93,aslsignbank,https://aslsignbank.haskins.yale.edu/dictionary/protected_media/glossvideo/ASL/UN/UNDERSTAND-311.mp4,1,-1,25,182,36,461,370
UNDERSTAND,understand,67018,5,109,asllex,https://youtu.be/-5J6ZDndBxw,1,-1,25,107,28,368,360
UNDERSTAND,understand,60545,6,56,spreadthesign,https://media.spreadthesign.com/video/mp4/13/50869.mp4,1,-1,25,41,0,271,240
UNDERSTAND,understand,60546,7,6,signschool,https://signstock.blob.core.windows.net/signschool/videos/db_uploads/SignSchool%20Understand-zgYUzElmp1k.mp4,1,-1,25,669,75,1604,1080
UNDERSTAND,understand,60554,8,82,scott,https://www.youtube.com/watch?v=zOrPlZruN0Y,1,-1,25,273,5,848,720
UNDERSTAND,understand,60547,9,13,asldeafined,https://media.asldeafined.com/vocabulary/1468924808.7518.mp4,1,-1,25,110,0,518,480
UNDERSTAND,understand,60555,10,87,aslpro,http://www.aslpro.com/main/u/understand.swf,1,-1,25,22,7,223,240
UNDERSTAND,understand,60548,11,15,asldeafined,https://media.asldeafined.com/vocabulary/1522767381.9090.mp4,1,-1,25,148,31,522,480
UNDERSTAND,understand,60556,12,12,aslsearch,http://www.aslsearch.com/signs/videos/understand.mp4,1,-1,25,156,59,529,400
UNDERSTAND,understand,60550,14,20,handspeak,https://www.handspeak.com/word/u/understand.mp4,1,-1,25,60,16,271,240
DEAF,deaf,14855,0,9,asl5200,https://www.youtube.com/watch?v=ChIupJBcxjs,497,543,25,0,0,360,240
DEAF,deaf,70015,1,121,northtexas,https://www.youtube.com/watch?v=25ymRY7hbjs,4420,4511,25,163,40,401,360
DEAF,deaf,68586,2,113,lillybauer,https://www.youtube.com/watch?v=J9hiREjgVe0,80,137,25,102,6,563,360
DEAF,deaf,68033,3,109,valencia-asl,https://www.youtube.com/watch?v=Qvn5RGyb0po,1,-1,25,275,0,1053,720
DEAF,deaf,14899,4,5,aslu,https://www.youtube.com/watch?v=sP4e9vRUCYM,1,-1,25,320,43,932,720
DEAF,deaf,14900,5,69,nabboud,https://www.youtube.com/watch?v=YsLUNOu9jXU,1,-1,25,320,54,842,720
DEAF,deaf,14882,6,36,startasl,https://s3-us-west-1.amazonaws.com/files.startasl.com/asldictionary/deaf.mp4,1,-1,25,186,15,525,414
DEAF,deaf,14901,7,16,aslpro,http://www.aslpro.com/main/d/deaf_1.swf,1,-1,25,22,18,199,240
DEAF,deaf,14903,9,12,aslsearch,http://www.aslsearch.com/signs/videos/deaf.mp4,1,-1,25,170,62,532,400
DEAF,deaf,14883,10,45,signschool,https://signstock.blob.core.windows.net/signschool/videos/db_uploads/SignSchool%20Deaf%202-1tMYCoZB0lE.mp4,1,-1,25,738,111,1463,1080
DEAF,deaf,14884,11,4,signschool,https://signstock.blob.core.windows.net/signschool/videos/db_uploads/SignSchool%20Deaf%202-VoHLEG8FIH4.mp4,1,-1,25,677,59,1527,1061
DEAF,deaf,14885,12,45,signschool,https://signstock.blob.core.windows.net/signschool/videos/db_uploads/SignSchool%20Deaf-bHRhz2geOTA.mp4,1,-1,25,727,115,1483,1078
DEAF,deaf,14886,13,4,signschool,https://signstock.blob.core.windows.net/signschool/videos/SignSchool%20Deaf.mp4,1,-1,25,445,35,1030,709
DEAF,deaf,65445,14,90,aslsignbank,https://aslsignbank.haskins.yale.edu/dictionary/protected_media/glossvideo/ASL/DE/DEAF-103.mp4,1,-1,25,170,15,476,370
DEAF,deaf,14887,15,59,asldeafined,https://media.asldeafined.com/vocabulary/1466906743.302.mp4,1,-1,25,111,30,517,480
DEAF,deaf,14888,16,15,asldeafined,https://media.asldeafined.com/vocabulary/1522766619.2346.mp4,1,-1,25,95,28,530,480
DEAF,deaf,14889,17,14,handspeak,https://www.handspeak.com/word/d/deaf2.mp4,1,-1,25,36,0,527,480
DEAF,deaf,14891,20,20,handspeak,https://www.handspeak.com/word/d/deaf.mp4,1,-1,25,30,0,526,480
DEAF,deaf,14893,21,10,signingsavvy,https://www.signingsavvy.com/signs/mp4/23/23016.mp4,1,-1,25,66,24,205,192
DEAF,deaf,14894,22,10,signingsavvy,https://www.signingsavvy.com/signs/mp4/23/23017.mp4,1,-1,25,60,24,206,192
DEAF,deaf,14895,23,69,nabboud,https://www.youtube.com/watch?v=5Dr7V1fbTFU,1,-1,25,372,54,842,720
DEAF,deaf,14896,24,47,scott,https://www.youtube.com/watch?v=IgT0jDp56ZM,1,-1,25,341,30,910,720
DEAF,deaf,14898,26,5,aslu,https://www.youtube.com/watch?v=ofL3HMkLDOc,1,-1,25,334,35,942,720
INTERPRETER,interpreter,30256,0,9,asl5200,https://www.youtube.com/watch?v=K1YuKDdDp_k,1499,1555,25,0,0,360,240
INTERPRETER,interpreter,65954,1,96,aslsignbank,https://aslsignbank.haskins.yale.edu/dictionary/protected_media/glossvideo/ASL/IN/INTERPRETER-1722.mp4,1,-1,25,204,36,509,369
INTERPRETER,interpreter,67795,2,109,asllex,https://youtu.be/tksEwBhbBm4,1,-1,25,95,18,372,360
INTERPRETER,interpreter,30257,3,35,spreadthesign,https://media.spreadthesign.com/video/mp4/13/51869.mp4,1,-1,25,42,0,269,240
INTERPRETER,interpreter,30258,4,21,asldeafined,https://media.asldeafined.com/vocabulary/1468668022.8755.mp4,1,-1,25,79,10,572,480
INTERPRETER,interpreter,30259,5,14,handspeak,https://www.handspeak.com/word/i/interpreter.mp4,1,-1,25,48,0,280,240
INTERPRETER,interpreter,30260,6,10,signingsavvy,https://www.signingsavvy.com/signs/mp4/22/22786.mp4,1,-1,25,69,20,217,192
INTERPRETER,interpreter,30261,7,5,aslu,https://www.youtube.com/watch?v=-ydIEL6j0Gc,1,-1,25,357,33,915,720
INTERPRETER,interpreter,30262,8,41,aslsearch,http://www.aslsearch.com/signs/videos/interpreter.mp4,1,-1,25,236,43,507,400
